{"cameraMode":{"drawMode":0,"name":"Shaded","section":"Shading Mode"},"sceneLighting":true,"audioPlay":false,"sceneViewState":{"showFog":true,"showMaterialUpdate":false,"showSkybox":true,"showFlares":true,"showImageEffects":true,"showParticleSystems":true},"in2DMode":false,"pivot":{"x":32.239479064941409,"y":0.017351072281599046,"z":16.9528865814209},"rotation":{"x":-0.07376594096422196,"y":0.7772553563117981,"z":-0.09278165549039841,"w":-0.6179320216178894},"size":4.373957633972168,"orthographic":false}